{"X_mean": [-335.8045654296875, 112.81655883789062, 52.38888168334961, 35.225833892822266, 26.066150665283203, 23.82711410522461, 18.161827087402344, 14.976271629333496, 11.688422203063965, 12.448492050170898, 10.552875518798828, 9.70332145690918, 7.063059329986572, 7.31939697265625, 5.975499629974365, 6.1631903648376465, 4.456863880157471, 4.750596523284912, 3.1364872455596924, 3.502413749694824, 2.758136510848999, 3.446988344192505, 2.7613108158111572, 3.0646049976348877, 2.1962339878082275, 2.8815817832946777, 2.0215721130371094, 2.3529293537139893, 1.4845203161239624, 2.0670149326324463, 1.1683224439620972, 1.9783902168273926, 1.3330278396606445, 1.9086405038833618, 1.1755019426345825, 1.6803267002105713, 1.0748087167739868, 1.6188424825668335, 0.8471387624740601, 1.4741836786270142], "input_std": [71.99525451660156, 27.548927307128906, 17.961036682128906, 12.285411834716797, 8.308902740478516, 6.802637577056885, 7.0082926750183105, 5.802198886871338, 5.220574855804443, 3.9025206565856934, 4.460372447967529, 3.6799991130828857, 3.9282073974609375, 2.97876238822937, 3.0128536224365234, 2.2069742679595947, 2.4918487071990967, 2.5082757472991943, 2.6343424320220947, 2.198638439178467, 2.234143018722534, 1.7402409315109253, 1.9354416131973267, 1.6420650482177734, 1.8560855388641357, 1.4598301649093628, 1.8312921524047852, 1.4790709018707275, 1.5899217128753662, 1.440225601196289, 1.4489531517028809, 1.191681981086731, 1.1920697689056396, 1.1154893636703491, 1.4343512058258057, 1.2175068855285645, 1.377477765083313, 1.044439673423767, 1.1831048727035522, 1.0899522304534912]}